基金简称,持仓市值(万元),持仓股数(万股),与上期持仓股数变化(万股),占基金净值比例,占流通股比例
永赢量化混合发起式,30,0.54,新进,0.78%,0.00%
工银新机遇灵活配置混合C,420,7.57,新进,3.21%,0.00%
工银新价值灵活配置混合,507,9.14,新进,3.53%,0.00%
前海开源股息率100强股票,743,13.4,新进,1.11%,0.00%
交银周期回报灵活配置混合C,610,11.0,新进,0.99%,0.00%
国富弹性市值混合,2217,40.0,新进,0.68%,0.01%
国联安主题驱动混合,266,4.8,新进,2.08%,0.00%
华安安顺灵活配置混合,388,7.0,新进,0.48%,0.00%
工银绝对收益混合发起A,77,1.4,新进,0.34%,0.00%
国富沪深300指数增强,261,4.71,新进,1.04%,0.00%
海富通欣享混合A,277,5.0,新进,1.35%,0.00%
华宝标普中国A股红利机会指数(LOF)A,719,12.98,新进,0.78%,0.00%
海富通富祥混合,23,0.41,新进,0.22%,0.00%
华安幸福生活混合,2519,45.45,新进,0.66%,0.01%
国泰事件驱动混合,385,6.95,新进,2.37%,0.00%
华宝新价值混合,127,2.3,新进,0.33%,0.00%
国泰策略价值灵活配置混合,73,1.32,新进,0.42%,0.00%
工银美丽城镇股票,1120,20.2,新进,1.85%,0.00%
光大保德信国企改革股票,5543,100.0,新进,3.23%,0.02%
工银文体产业股票,623,11.24,新进,2.07%,0.00%
华宝新优享混合,264,4.77,新进,1.93%,0.00%
工银绝对收益混合发起B,77,1.4,新进,0.34%,0.00%
广发对冲套利定期开放混合,38,0.69,新进,0.21%,0.00%
景顺长城公司治理混合,825,14.89,新进,4.20%,0.00%
工银保本3号混合A,942,17.0,新进,0.27%,0.00%
汇安丰华混合A,206,3.71,新进,0.95%,0.00%
汇安丰华混合C,206,3.71,新进,0.95%,0.00%
华宝量化对冲混合A,537,9.68,新进,0.78%,0.00%
广发鑫益混合,1624,29.29,新进,0.36%,0.00%
华宝沪深300增强,485,8.75,新进,1.54%,0.00%
华安沪深300增强A,1178,21.24,新进,0.81%,0.00%
国泰量化收益灵活配置混合,95,1.71,新进,0.54%,0.00%
光大保德信产业新动力混合,6,0.1,新进,0.03%,0.00%
广发百发100指数A,794,14.33,新进,0.98%,0.00%
鹏华中国50混合,4162,75.09,新进,3.96%,0.01%
浦银安盛盛世精选混合A,377,6.8,新进,1.06%,0.00%
广发百发100指数E,794,14.33,新进,0.98%,0.00%
国富沪港深成长精选股票,166,3.0,新进,1.64%,0.00%
华安大安全混合,354,6.39,新进,0.98%,0.00%
国泰金龙行业混合,8209,148.09,新进,2.14%,0.02%
广发竞争优势混合,3,0.05,新进,0.00%,0.00%
华宝制造股票,623,11.23,新进,1.19%,0.00%
工银产业债债券A,166,3.0,新进,0.32%,0.00%
广发轮动配置混合,2219,40.03,新进,2.12%,0.01%
工银工业4.0股票,91,1.65,新进,1.51%,0.00%
光大保德信风格轮动混合,30,0.54,新进,0.51%,0.00%
工银产业债债券B,166,3.0,新进,0.32%,0.00%
国泰宁益定期开放灵活配置混合A,125,2.25,新进,0.58%,0.00%
华安策略优选混合,4,0.08,新进,0.00%,0.00%
广发沪港深新起点股票,2,0.03,新进,0.00%,0.00%
海富通风格优势混合,449,8.1,新进,0.98%,0.00%
大摩基础行业混合,445,8.03,新进,3.90%,0.00%
工银保本3号混合B,942,17.0,新进,0.27%,0.00%
华宝新飞跃混合,293,5.28,新进,1.28%,0.00%
广发创新升级混合,3326,60.0,新进,1.73%,0.01%
国泰添益灵活配置混合,333,6.0,新进,0.67%,0.00%
工银新得利混合,460,8.3,新进,1.01%,0.00%
华宝标普中国A股红利机会指数(LOF)C,719,12.98,新进,0.78%,0.00%
浦银安盛盛世精选混合C,377,6.8,新进,1.06%,0.00%
广发聚祥灵活混合,461,8.31,新进,1.15%,0.00%
海富通欣享混合C,277,5.0,新进,1.35%,0.00%
交银新回报灵活配置混合C,610,11.0,新进,0.86%,0.00%
光大保德信银发商机混合,521,9.4,新进,2.71%,0.00%
工银新蓝筹股票,421,7.6,新进,1.05%,0.00%
国泰民丰回报定期开放灵活配置混合,1346,24.29,新进,4.76%,0.00%
金元顺安消费主题混合,102,1.84,新进,5.76%,0.00%
广发聚惠混合A,69,1.25,新进,0.22%,0.00%
广发聚惠混合C,69,1.25,新进,0.22%,0.00%
广发量化稳健混合,8,0.14,新进,0.10%,0.00%
华安中国A股增强指数,554,10.0,新进,0.24%,0.00%
民生加银稳健成长混合,389,7.02,新进,5.39%,0.00%
鹏华消费优选混合,2020,36.44,新进,4.07%,0.01%
金元顺安宝石动力混合,392,7.08,新进,3.44%,0.00%
华安智能装备主题股票,1869,33.72,新进,1.98%,0.01%
华安文体健康混合,55,1.0,新进,0.31%,0.00%
华安沪港深通精选灵活配置混合,355,6.4,新进,2.23%,0.00%
国泰宁益定期开放灵活配置混合C,125,2.25,新进,0.58%,0.00%
广发大盘成长混合,2494,45.0,新进,0.87%,0.01%
广发消费品精选混合,503,9.08,新进,0.87%,0.00%
广发策略优选混合,132,2.39,新进,0.03%,0.00%
光大保德信优势配置混合,2252,40.62,新进,0.51%,0.01%
华宝行业精选混合,2550,46.01,新进,1.00%,0.01%
工银红利混合,998,18.0,新进,1.68%,0.00%
光大保德信红利混合,277,5.0,新进,0.43%,0.00%
国金鑫新灵活配置混合(LOF),287,5.17,新进,1.30%,0.00%
海富通稳固收益债券,35,0.64,新进,0.22%,0.00%
广发核心精选混合,3269,58.97,新进,2.13%,0.01%
景顺长城支柱产业混合,857,15.46,新进,3.43%,0.00%
华宝品质生活股票,298,5.37,新进,1.19%,0.00%
广发鑫利混合,494,8.91,新进,0.70%,0.00%
广发鑫裕混合,277,5.0,新进,0.55%,0.00%
浦银安盛沪深300指数增强,177,3.2,新进,1.22%,0.00%
华宝稳健回报混合,534,9.64,新进,1.00%,0.00%
广发高端制造股票,210,3.78,新进,3.23%,0.00%
交银周期回报灵活配置混合A,610,11.0,新进,0.99%,0.00%
华安沪深300增强C,1178,21.24,新进,0.81%,0.00%
华宝量化对冲混合C,537,9.68,新进,0.78%,0.00%
交银新回报灵活配置混合A,610,11.0,新进,0.86%,0.00%
广发多元新兴股票,455,8.21,新进,2.00%,0.00%
恒生前海沪港深新兴产业精选混合,479,8.65,新进,2.55%,0.00%
南方安心保本混合,905,16.32,新进,0.28%,0.00%
前海开源沪港深创新成长混合C,998,18.0,新进,2.82%,0.00%
浦银安盛安和回报定开混合A,166,3.0,新进,0.35%,0.00%
浦银安盛安和回报定开混合C,166,3.0,新进,0.35%,0.00%
泰康泉林量化价值精选混合A,211,3.8,新进,0.29%,0.00%
泰达宏利启富混合A,88,1.58,新进,0.46%,0.00%
平安大华股息精选沪港深股票C,37,0.67,新进,1.12%,0.00%
平安大华股息精选沪港深股票A,37,0.67,新进,1.12%,0.00%
鹏华弘樽混合C,265,4.78,新进,1.16%,0.00%
诺德成长精选混合C,0,0.0,新进,0.00%,0.00%
中海混改红利混合,150,2.71,新进,2.91%,0.00%
大摩量化多策略股票,549,9.9,新进,0.82%,0.00%
诺德成长精选混合A,0,0.0,新进,0.00%,0.00%
鹏华外延成长混合,629,11.34,新进,1.59%,0.00%
南方转型驱动灵活配置混合,443,8.0,新进,2.22%,0.00%
南方绝对收益混合,38,0.69,新进,0.15%,0.00%
诺安高端制造股票,6,0.1,新进,0.11%,0.00%
泰达多元回报债券A,9,0.17,新进,0.32%,0.00%
南方智造未来股票,443,8.0,新进,2.10%,0.00%
南方产业活力股票,1663,30.0,新进,1.13%,0.00%
农银信息传媒股票,2128,38.39,新进,1.06%,0.01%
汇丰晋信消费红利股票,113,2.04,新进,0.40%,0.00%
泰达宏利复兴混合,1784,32.19,新进,1.14%,0.00%
益民品质升级混合,3,0.05,新进,0.01%,0.00%
泰达宏利大数据混合A,1,0.01,新进,0.00%,0.00%
泰达宏利大数据混合C,1,0.01,新进,0.00%,0.00%
泰达宏利沪深300指数增强C,96,1.74,新进,0.94%,0.00%
交银多策略回报灵活配置混合A,443,8.0,新进,0.89%,0.00%
泰达多元回报债券C,9,0.17,新进,0.32%,0.00%
交银多策略回报灵活配置混合C,443,8.0,新进,0.89%,0.00%
泰达宏利蓝筹混合,122,2.2,新进,0.88%,0.00%
交银领先回报灵活配置混合,443,8.0,新进,0.73%,0.00%
民生加银量化中国混合,2,0.03,新进,0.02%,0.00%
建信恒久价值混合,1030,18.58,新进,1.06%,0.00%
建信社会责任混合,62,1.11,新进,1.96%,0.00%
南方利淘混合A,107,1.92,新进,0.17%,0.00%
泰康新回报灵活配置混合C,74,1.34,新进,1.24%,0.00%
泰康新回报灵活配置混合A,74,1.34,新进,1.24%,0.00%
南方安睿混合,16,0.29,新进,0.07%,0.00%
泰康泉林量化价值精选混合C,211,3.8,新进,0.29%,0.00%
南方兴盛先锋灵活配置混合,277,5.0,新进,0.64%,0.00%
泰达宏利启富混合C,88,1.58,新进,0.46%,0.00%
前海开源沪港深创新成长混合A,998,18.0,新进,2.82%,0.00%
农银高增长混合,431,7.78,新进,1.00%,0.00%
南方利淘混合C,107,1.92,新进,0.17%,0.00%
民生加银养老服务混合,83,1.5,新进,1.48%,0.00%
泰达睿选稳健混合,101,1.83,新进,1.21%,0.00%
招商沪深300高贝塔指数分级B,22,0.39,新进,1.11%,0.00%
万家瑞旭混合C,72,1.3,新进,0.73%,0.00%
银华汇利灵活配置混合A,305,5.5,新进,0.24%,0.00%
大摩量化配置混合,1421,25.64,新进,1.11%,0.00%
新华华荣灵活配置混合,0,0.01,新进,0.00%,0.00%
招商沪深300高贝塔指数分级A,22,0.39,新进,1.11%,0.00%
中欧双利债券C,333,6.0,新进,0.32%,0.00%
泰达宏利风险预算混合,116,2.1,新进,0.60%,0.00%
信达澳银新财富混合,277,5.0,新进,1.40%,0.00%
兴银收益增强债券,6,0.1,新进,0.10%,0.00%
南方宝元债券,554,10.0,新进,0.33%,0.00%
易方达裕鑫债券A,0,0.01,新进,0.00%,0.00%
中融鑫思路混合C,9,0.17,新进,0.07%,0.00%
易方达裕鑫债券C,0,0.01,新进,0.00%,0.00%
信诚至鑫混合A,178,3.22,新进,0.37%,0.00%
信诚至鑫混合C,178,3.22,新进,0.37%,0.00%
南方稳健成长贰号混合,3969,71.6,新进,2.05%,0.01%
易方达裕惠定开混合发起式,0,0.0,新进,0.00%,0.00%
招商盛合灵活混合A,23,0.42,新进,0.37%,0.00%
兴业聚全灵活配置混合,83,1.5,新进,0.06%,0.00%
兴业聚源灵活配置混合,83,1.5,新进,0.06%,0.00%
浦银沪港深基本面100指数(LOF),49,0.88,新进,0.94%,0.00%
中融鑫思路混合A,9,0.17,新进,0.07%,0.00%
中银优秀企业混合,42,0.75,新进,1.00%,0.00%
招商丰盛稳定增长混合A,53,0.95,新进,0.29%,0.00%
易方达安心回馈混合,818,14.76,新进,1.33%,0.00%
泰达宏利集利债券C,127,2.3,新进,0.08%,0.00%
中融鑫起点混合C,23,0.42,新进,0.04%,0.00%
泰达宏利集利债券A,127,2.3,新进,0.08%,0.00%
中邮乐享收益灵活配置混合,222,4.0,新进,0.31%,0.00%
中银新财富混合A,421,7.59,新进,2.44%,0.00%
中银新财富混合C,421,7.59,新进,2.44%,0.00%
兴银丰盈灵活配置混合,93,1.67,新进,0.49%,0.00%
上投摩根核心优选混合,2331,42.05,新进,2.11%,0.01%
申万菱信消费增长混合,542,9.78,新进,3.56%,0.00%
中融鑫起点混合A,23,0.42,新进,0.04%,0.00%
南方成份精选混合,9978,180.01,新进,2.03%,0.03%
南方绩优成长混合A,7760,140.0,新进,1.50%,0.02%
泰达宏利逆向策略混合,1248,22.51,新进,1.42%,0.00%
新华稳健回报混合发起式,554,10.0,新进,1.56%,0.00%
易方达新益混合I,360,6.5,新进,0.45%,0.00%
南方稳健成长混合,4387,79.14,新进,2.05%,0.01%
申万菱信量化小盘股票(LOF),1297,23.41,新进,0.64%,0.00%
德邦新添利债券A,277,5.0,新进,0.38%,0.00%
诺德周期策略混合,6,0.1,新进,0.06%,0.00%
银华量化智慧动力混合,29,0.53,新进,0.58%,0.00%
浦银安盛新经济结构混合,83,1.5,新进,1.17%,0.00%
易方达新享混合C,343,6.18,新进,0.81%,0.00%
德邦新添利债券C,277,5.0,新进,0.38%,0.00%
中海蓝筹混合,268,4.84,新进,2.77%,0.00%
大摩多因子策略混合,83,1.49,新进,0.03%,0.00%
泰达宏利市值优选混合,2813,50.75,新进,2.29%,0.01%
中欧数据挖掘混合A,59,1.07,新进,0.44%,0.00%
易方达科瑞灵活配置混合,998,18.0,新进,1.06%,0.00%
上投摩根行业轮动混合A,509,9.19,新进,0.43%,0.00%
申万菱信新动力混合,1308,23.61,新进,1.46%,0.00%
信达澳银转型创新股票,1109,20.0,新进,1.61%,0.00%
天治中国制造2025混合,111,2.0,新进,2.74%,0.00%
中欧价值发现混合E,1352,24.39,新进,0.22%,0.00%
天治核心成长混合(LOF),970,17.5,新进,1.63%,0.00%
融通动力先锋混合,1423,25.67,新进,1.55%,0.00%
中信建投睿信混合A,44,0.79,新进,0.82%,0.00%
诺德成长优势混合,0,0.0,新进,0.00%,0.00%
益民创新优势混合,174,3.14,新进,0.23%,0.00%
泰达宏利沪深300指数增强A,96,1.74,新进,0.94%,0.00%
泰达宏利红利先锋混合,470,8.48,新进,2.86%,0.00%
银华汇利灵活配置混合C,305,5.5,新进,0.24%,0.00%
民生加银品牌蓝筹混合,233,4.2,新进,1.42%,0.00%
东方红睿满沪港深混合,1,0.01,新进,0.00%,0.00%
信诚至瑞混合A,139,2.5,新进,0.65%,0.00%
信诚至瑞混合C,139,2.5,新进,0.65%,0.00%
易方达新益混合E,360,6.5,新进,0.45%,0.00%
易方达新享混合A,343,6.18,新进,0.81%,0.00%
易方达瑞选混合I,28,0.5,新进,0.03%,0.00%
易方达瑞选混合E,28,0.5,新进,0.03%,0.00%
兴业聚丰灵活配置混合,83,1.5,新进,0.06%,0.00%
万家瑞旭混合A,72,1.3,新进,0.73%,0.00%
招商睿逸混合,231,4.16,新进,0.77%,0.00%
信达澳银新目标混合,277,5.0,新进,1.39%,0.00%
招商盛合灵活混合C,23,0.42,新进,0.37%,0.00%
中信建投智信物联网混合A,111,2.0,新进,2.04%,0.00%
招商丰盛稳定增长混合C,53,0.95,新进,0.29%,0.00%
中邮绝对收益策略定期开放混合发起式,104,1.87,新进,0.42%,0.00%
中欧双利债券A,333,6.0,新进,0.32%,0.00%
鹏华弘樽混合A,265,4.78,新进,1.16%,0.00%
上投摩根行业轮动混合H,509,9.19,新进,0.43%,0.00%
泰达宏利效率优选混合(LOF),1357,24.48,新进,1.40%,0.00%
诺德中小盘混合,222,4.0,新进,4.47%,0.00%
泰达宏利行业混合,400,7.22,新进,0.83%,0.00%
泰达宏利稳定混合,347,6.27,新进,2.57%,0.00%
益民核心增长混合,16,0.29,新进,2.09%,0.00%
银华回报灵活配置定期开放混合发起式,309,5.57,新进,0.79%,0.00%
南方盛元红利混合,2217,40.0,新进,2.35%,0.01%
银河创新成长混合,333,6.0,新进,1.16%,0.00%
北信瑞丰增强回报混合,9,0.17,新进,0.02%,0.00%
富国价值优势混合,1,0.01,新进,0.00%,0.00%
大成景穗灵活配置混合C,187,3.38,新进,0.75%,0.00%
银华优质增长混合,1888,34.06,新进,0.67%,0.01%
博时境源保本混合A,152,2.74,新进,0.10%,0.00%
博时沪深300指数C,5947,107.28,新进,1.02%,0.02%
长盛创新驱动混合,72,1.3,新进,0.34%,0.00%
博时保泽保本混合A,133,2.4,新进,0.09%,0.00%
博时保泽保本混合C,133,2.4,新进,0.09%,0.00%
长盛盛世混合C,116,2.1,新进,0.40%,0.00%
财通资管鑫逸混合C,340,6.13,新进,0.56%,0.00%
创金合信鑫安保本混合A,98,1.77,新进,0.12%,0.00%
博时银智大数据100指数C,55,1.0,新进,0.88%,0.00%
富国新活力灵活配置混合A,96,1.73,新进,0.55%,0.00%
财通资管鑫逸混合A,340,6.13,新进,0.56%,0.00%
安信新价值混合C,166,3.0,新进,0.45%,0.00%
创金合信鑫安保本混合C,98,1.77,新进,0.12%,0.00%
长信中证500指数,58,1.04,新进,0.19%,0.00%
富国新活力灵活配置混合C,96,1.73,新进,0.55%,0.00%
博时银智大数据100指数A,55,1.0,新进,0.88%,0.00%
中欧数据挖掘混合C,59,1.07,新进,0.44%,0.00%
中欧价值发现混合C,1352,24.39,新进,0.22%,0.00%
中银产业债定期开放债券(LOF),277,5.0,新进,0.43%,0.00%
宝盈新价值混合,2051,37.0,新进,1.62%,0.01%
中信建投智信物联网混合C,111,2.0,新进,2.04%,0.00%
信诚鼎利混合(LOF),277,5.0,新进,0.40%,0.00%
富国绝对收益多策略定期开放混合发起式,47,0.85,新进,0.36%,0.00%
中银优选混合,345,6.22,新进,1.06%,0.00%
宝盈科技30混合,6652,120.0,新进,2.60%,0.02%
中邮中小盘灵活配置混合,2772,50.0,新进,2.51%,0.01%
中证财通可持续发展100指数A,115,2.08,新进,1.15%,0.00%
鑫元鑫趋势混合A,55,1.0,新进,0.80%,0.00%
中金新安混合,15,0.27,新进,0.07%,0.00%
富国新兴产业股票,0,0.0,新进,0.00%,0.00%
兴全可转债混合,774,13.97,新进,0.27%,0.00%
长盛城镇化主题混合,166,3.0,新进,1.69%,0.00%
易方达中小盘混合,55,1.0,新进,0.01%,0.00%
易方达价值成长混合,12122,218.68,新进,1.87%,0.03%
易方达价值精选混合,1109,20.0,新进,0.37%,0.00%
新华钻石品质企业混合,111,2.0,新进,0.53%,0.00%
万家量化睿选混合,438,7.9,新进,1.07%,0.00%
招商沪深300高贝塔指数分级,22,0.39,新进,1.11%,0.00%
宝盈核心优势混合C,554,10.0,新进,0.45%,0.00%
博时内需增长混合,462,8.33,新进,1.77%,0.00%
博时境源保本混合C,152,2.74,新进,0.10%,0.00%
银河消费驱动混合,139,2.5,新进,2.33%,0.00%
长城新优选混合A,554,10.0,新进,0.90%,0.00%
东吴安鑫量化混合,106,1.91,新进,0.60%,0.00%
大成景穗灵活配置混合A,187,3.38,新进,0.75%,0.00%
安信安盈保本混合A,44,0.8,新进,0.04%,0.00%
易方达沪深300量化增强,374,6.75,新进,0.29%,0.00%
鑫元鑫趋势混合C,55,1.0,新进,0.80%,0.00%
德邦量化优选股票(LOF)C,23,0.41,新进,0.27%,0.00%
万家中证红利指数(LOF),45,0.81,新进,0.86%,0.00%
东方新兴成长混合,333,6.0,新进,1.84%,0.00%
易方达科汇灵活配置混合,12437,224.37,新进,2.07%,0.03%
中银沪深300等权重指数(LOF),11,0.2,新进,0.34%,0.00%
易方达稳健收益债券B,814,14.68,新进,0.08%,0.00%
中欧价值发现混合A,1352,24.39,新进,0.22%,0.00%
长城久利保本混合,720,13.0,新进,0.26%,0.00%
长盛盛世混合A,116,2.1,新进,0.40%,0.00%
信诚优胜精选混合,2771,49.99,新进,1.30%,0.01%
中证财通可持续发展100指数C,115,2.08,新进,1.15%,0.00%
博时国企改革股票,519,9.36,新进,0.35%,0.00%
长城新优选混合C,554,10.0,新进,0.90%,0.00%
大成智惠量化多策略混合,12,0.21,新进,0.27%,0.00%
东兴量化多策略混合,5,0.09,新进,0.29%,0.00%
长信量化先锋混合C,4390,79.2,新进,0.94%,0.01%
安信新价值混合A,166,3.0,新进,0.45%,0.00%
富国天惠成长混合(LOF)C,277,5.0,新进,0.05%,0.00%
博时中证淘金大数据100A,1383,24.95,新进,0.97%,0.00%
博时中证淘金大数据100I,1383,24.95,新进,0.97%,0.00%
德邦量化优选股票(LOF)A,23,0.41,新进,0.27%,0.00%
银河蓝筹精选混合,277,5.0,新进,1.02%,0.00%
中融量化智选混合C,37,0.66,新进,0.59%,0.00%
易方达上证50指数C,175,3.15,新进,0.02%,0.00%
中融量化智选混合A,37,0.66,新进,0.59%,0.00%
银河服务混合,222,4.0,新进,0.10%,0.00%
易方达稳健收益债券A,814,14.68,新进,0.08%,0.00%
易方达上证50指数A,175,3.15,新进,0.02%,0.00%
新华优选分红混合,3325,59.99,新进,2.95%,0.01%
易方达策略成长混合,1046,18.87,新进,0.70%,0.00%
长城医疗保健混合,126,2.27,新进,0.69%,0.00%
银河量化价值混合,94,1.69,新进,0.24%,0.00%
中信建投睿信混合C,44,0.79,新进,0.82%,0.00%
中邮核心主题混合,3991,72.0,新进,3.00%,0.01%
博时主题行业混合(LOF),4157,75.0,新进,0.39%,0.01%
大成定增灵活配置混合,3,0.06,新进,0.00%,0.00%
富国低碳环保混合,5,0.08,新进,0.00%,0.00%
财通福瑞定开混合发起,1053,19.0,新进,0.35%,0.00%
财通福鑫定开混合发起,457,8.24,新进,1.04%,0.00%
大成核心双动力混合,98,1.77,新进,0.72%,0.00%
长信利发债券,1,0.02,新进,0.09%,0.00%
长城品牌优选混合,9423,170.0,新进,2.20%,0.03%
长城双动力混合,665,12.0,新进,1.95%,0.00%
大成中证红利指数,174,3.14,新进,0.90%,0.00%
长信内需成长混合,15731,283.8,新进,4.70%,0.04%
富国中证红利指数增强,2412,43.52,新进,1.52%,0.01%
长信量化先锋混合A,4390,79.2,新进,0.94%,0.01%
博时特许价值混合R,33,0.59,新进,0.12%,0.00%
长信量化优选混合(LOF),3,0.06,新进,1.66%,0.00%
长盛同智优势混合(LOF),404,7.3,新进,0.60%,0.00%
博时特许价值混合A,33,0.59,新进,0.12%,0.00%
北信瑞丰健康生活主题灵活配置混合,23,0.42,新进,0.04%,0.00%
博时策略配置混合,596,10.76,新进,1.36%,0.00%
博时行业轮动混合,778,14.04,新进,2.04%,0.00%
大成竞争优势混合,1,0.02,新进,0.00%,0.00%
财通多策略福享混合(LOF),1306,23.57,新进,0.31%,0.00%
长盛同德主题混合,1960,35.36,新进,1.30%,0.01%
东方支柱产业灵活配置混合,111,2.0,新进,2.40%,0.00%
东方精选混合,5,0.09,新进,0.00%,0.00%
长盛同益成长回报(LOF),166,3.0,新进,0.99%,0.00%
安信灵活配置混合,59,1.07,新进,0.62%,0.00%
安信安盈保本混合C,44,0.8,新进,0.04%,0.00%
博时沪深300指数A,5947,107.28,新进,1.02%,0.02%
富国沪深300增强,2559,46.17,新进,1.15%,0.01%
大成优选混合(LOF),50,0.91,新进,0.06%,0.00%
博时平衡配置混合,95,1.72,新进,0.16%,0.00%
长信量化中小盘股票,1343,24.22,新进,1.01%,0.00%
大成策略回报混合,0,0.0,新进,0.00%,0.00%
宝盈核心优势混合A,554,10.0,新进,0.45%,0.00%
富国天惠成长混合(LOF)A,277,5.0,新进,0.05%,0.00%
长城消费增值混合,2217,40.0,新进,1.83%,0.01%
博时沪深300指数R,5947,107.28,新进,1.02%,0.02%
银河银泰混合,5405,97.51,新进,3.94%,0.02%
天治研究驱动混合C,14,0.25,新进,3.54%,0.00%
中银新机遇混合C,1305,23.55,新进,1.78%,0.00%
工银研究精选股票,258,4.65,新进,2.84%,0.00%
汇添富成长多因子量化策略股票,2571,46.39,新进,1.86%,0.01%
华宝事件驱动混合,8040,145.05,新进,2.92%,0.02%
德邦福鑫灵活配置混合A,222,4.0,新进,0.80%,0.00%
东方红京东大数据混合,14880,268.44,新进,4.60%,0.04%
泰达宏利业绩股票A,506,9.13,新进,3.28%,0.00%
泰达宏利业绩股票C,506,9.13,新进,3.28%,0.00%
博时鑫惠混合A,550,9.92,新进,1.01%,0.00%
申万菱信价值优享混合,466,8.41,新进,2.37%,0.00%
中欧康裕混合C,389,7.02,新进,0.49%,0.00%
广发中证全指家用电器指数A,491,8.87,新进,14.97%,0.00%
广发中证全指家用电器指数C,491,8.87,新进,14.97%,0.00%
长信双利优选混合,3019,54.47,新进,4.45%,0.01%
德邦福鑫灵活配置混合C,222,4.0,新进,0.80%,0.00%
光大保德信新增长混合,887,16.0,新进,3.60%,0.00%
申万菱信竞争优势混合,520,9.39,新进,6.77%,0.00%
天治研究驱动混合A,14,0.25,新进,3.54%,0.00%
工银量化策略混合,720,12.98,新进,3.68%,0.00%
泰康安泰回报混合,119,2.14,新进,0.83%,0.00%
广发百发大数据精选混合E,513,9.25,新进,5.73%,0.00%
广发安宏回报混合A,1141,20.59,新进,2.05%,0.00%
广发安宏回报混合C,1141,20.59,新进,2.05%,0.00%
国泰睿吉灵活配置混合A,416,7.5,新进,1.73%,0.00%
国泰睿吉灵活配置混合C,416,7.5,新进,1.73%,0.00%
平安大华智能生活混合A,156,2.81,新进,4.36%,0.00%
广发鑫隆混合A,786,14.18,新进,2.05%,0.00%
信诚精萃成长混合,8868,159.99,新进,3.30%,0.02%
信达澳银领先增长混合,7281,131.36,新进,4.30%,0.02%
国泰信益灵活配置混合,576,10.39,新进,2.33%,0.00%
泰达睿智稳健混合,749,13.52,新进,1.76%,0.00%
中银战略新兴产业股票,893,16.11,新进,4.86%,0.00%
招商财经大数据股票,75,1.35,新进,2.48%,0.00%
西部利得新动力混合C,205,3.7,新进,0.38%,0.00%
国泰结构转型灵活配置混合C,382,6.89,新进,1.33%,0.00%
中金量化多策略混合,273,4.93,新进,2.03%,0.00%
西部利得祥运混合A,194,3.5,新进,0.44%,0.00%
广发安瑞回报混合A,610,11.01,新进,1.41%,0.00%
广发安瑞回报混合C,610,11.01,新进,1.41%,0.00%
国泰区位优势混合,1552,28.0,新进,5.59%,0.00%
德邦稳盈增长灵活配置混合,222,4.0,新进,1.82%,0.00%
泰康金泰3月定开混合,186,3.35,新进,1.02%,0.00%
易方达瑞通混合A,349,6.3,新进,0.51%,0.00%
中银策略混合,3959,71.43,新进,5.02%,0.01%
银河嘉祥混合C,446,8.05,新进,4.24%,0.00%
中欧消费主题股票C,376,6.78,新进,4.25%,0.00%
融通蓝筹成长混合,3049,55.0,新进,3.85%,0.01%
上投摩根科技前沿混合,228,4.12,新进,3.06%,0.00%
银华中证等权90指数金利,236,4.26,新进,1.13%,0.00%
信达澳银消费优选混合,307,5.54,新进,3.89%,0.00%
光大保德信量化股票,2894,52.2,新进,1.07%,0.01%
西部利得新动力混合A,205,3.7,新进,0.38%,0.00%
西部利得祥运混合C,194,3.5,新进,0.44%,0.00%
工银深证成份指数(LOF),207,3.74,新进,3.49%,0.00%
新华鑫泰灵活配置混合,554,10.0,新进,3.20%,0.00%
长城久嘉创新成长混合,6097,110.0,新进,6.76%,0.02%
易方达大健康主题混合,7078,127.69,新进,4.71%,0.02%
光大保德信欣鑫混合C,569,10.26,新进,2.69%,0.00%
西部利得个股精选股票,465,8.38,新进,1.64%,0.00%
富国兴利增强债券,15,0.27,新进,0.14%,0.00%
信达澳银健康中国混合,2225,40.14,新进,4.60%,0.01%
中融融信双盈债券C,310,5.59,新进,1.30%,0.00%
信诚中证智能家居指数分级A,71,1.29,新进,1.05%,0.00%
东吴中证新兴产业指数,133,2.4,新进,1.12%,0.00%
工银可转债债券,305,5.5,新进,1.04%,0.00%
中银广利混合A,1284,23.17,新进,1.60%,0.00%
中银广利混合C,1284,23.17,新进,1.60%,0.00%
宝盈转型动力混合,8740,157.67,新进,3.48%,0.02%
平安大华智能生活混合C,156,2.81,新进,4.36%,0.00%
博时鑫惠混合C,550,9.92,新进,1.01%,0.00%
上投摩根优信增利债券C,14,0.25,新进,0.56%,0.00%
中银新机遇混合A,1305,23.55,新进,1.78%,0.00%
长信先利半年定开混合,127,2.3,新进,0.22%,0.00%
博时富时中国A股指数,7,0.13,新进,0.80%,0.00%
泰康丰盈债券,115,2.08,新进,0.50%,0.00%
创金合信沪深300增强A,1351,24.38,新进,2.76%,0.00%
创金合信沪深300增强C,1351,24.38,新进,2.76%,0.00%
国泰结构转型灵活配置混合A,382,6.89,新进,1.33%,0.00%
前海开源鼎瑞债券C,2763,49.85,新进,1.21%,0.01%
泰达宏利启智混合A,1590,28.68,新进,3.53%,0.00%
泰达宏利启智混合C,1590,28.68,新进,3.53%,0.00%
上投摩根红利回报混合C,499,9.0,新进,2.01%,0.00%
泰达宏利养老混合A,326,5.89,新进,0.87%,0.00%
泰达宏利养老混合B,326,5.89,新进,0.87%,0.00%
上投摩根整合驱动混合,9177,165.56,新进,6.66%,0.03%
平安大华转型创新混合C,211,3.8,新进,1.79%,0.00%
中欧康裕混合A,389,7.02,新进,0.49%,0.00%
中银颐利混合A,1441,26.0,新进,2.11%,0.00%
中银颐利混合C,1441,26.0,新进,2.11%,0.00%
中海分红增利混合,1469,26.51,新进,2.90%,0.00%
国联安锐意成长混合,1386,25.0,新进,4.81%,0.00%
中欧消费主题股票A,376,6.78,新进,4.25%,0.00%
平安大华鑫荣混合A,45,0.81,新进,0.29%,0.00%
广发鑫隆混合C,786,14.18,新进,2.05%,0.00%
融通互联网传媒灵活配置混合,5306,95.73,新进,2.52%,0.01%
招商丰利灵活配置混合A,171,3.09,新进,1.46%,0.00%
上投摩根优信增利债券A,14,0.25,新进,0.56%,0.00%
上投摩根稳进回报混合,227,4.09,新进,4.06%,0.00%
中信建投睿康混合A,133,2.4,新进,2.50%,0.00%
中信建投睿康混合C,133,2.4,新进,2.50%,0.00%
华夏高端制造混合,309,5.58,新进,1.71%,0.00%
景顺长城四季金利债券A,109,1.97,新进,0.78%,0.00%
景顺长城领先回报混合C,809,14.6,新进,2.79%,0.00%
新华策略精选股票,2946,53.14,新进,3.59%,0.01%
添富年年泰定开混合A,971,17.51,新进,0.93%,0.00%
添富年年泰定开混合C,971,17.51,新进,0.93%,0.00%
添富年年丰定开混合A,403,7.27,新进,0.93%,0.00%
海富通国策导向混合,1452,26.2,新进,4.78%,0.00%
景顺长城沪深300指数增强,27001,487.11,新进,4.10%,0.08%
中邮稳健添利灵活配置混合,388,7.0,新进,0.60%,0.00%
海富通欣荣混合C,290,5.24,新进,2.91%,0.00%
新华精选低波动股票,1276,23.02,新进,0.80%,0.00%
长信先锐债券,19,0.35,新进,0.33%,0.00%
景顺长城稳健回报混合A,303,5.47,新进,0.41%,0.00%
长信利泰混合,492,8.88,新进,1.97%,0.00%
民生加银优选股票,1453,26.22,新进,5.35%,0.00%
国泰中小盘成长混合(LOF),14587,263.17,新进,3.93%,0.04%
华安强化收益债券A,111,2.0,新进,1.01%,0.00%
华安强化收益债券B,111,2.0,新进,1.01%,0.00%
汇添富沪深300指数(LOF)A,298,5.37,新进,2.04%,0.00%
汇添富沪深300指数(LOF)C,298,5.37,新进,2.04%,0.00%
前海开源鼎瑞债券A,2763,49.85,新进,1.21%,0.01%
中融融信双盈债券A,310,5.59,新进,1.30%,0.00%
银河嘉祥混合A,446,8.05,新进,4.24%,0.00%
融通巨潮100指数(LOF)C,2481,44.75,新进,2.94%,0.01%
申万菱信安鑫精选混合A,610,11.0,新进,0.75%,0.00%
申万菱信安鑫精选混合C,610,11.0,新进,0.75%,0.00%
银河智造混合,337,6.08,新进,3.77%,0.00%
平安大华鑫享混合A,300,5.41,新进,1.21%,0.00%
易方达瑞通混合C,349,6.3,新进,0.51%,0.00%
信诚中证智能家居指数分级B,71,1.29,新进,1.05%,0.00%
前海开源强势共识100强股票,33,0.59,新进,1.16%,0.00%
易方达环保主题混合,1324,23.88,新进,8.89%,0.00%
中银珍利混合A,1293,23.33,新进,1.75%,0.00%
中银珍利混合C,1293,23.33,新进,1.75%,0.00%
中银价值混合,1243,22.42,新进,5.20%,0.00%
广发创新驱动混合,3254,58.7,新进,6.08%,0.01%
招商丰利灵活配置混合C,171,3.09,新进,1.46%,0.00%
信诚中证智能家居指数分级,71,1.29,新进,1.05%,0.00%
银河主题策略混合,5794,104.53,新进,5.19%,0.02%
中银消费主题混合,202,3.65,新进,5.10%,0.00%
上投摩根红利回报混合A,499,9.0,新进,2.01%,0.00%
中银互联网+股票,620,11.19,新进,5.41%,0.00%
方正富邦创新动力混合,51,0.93,新进,3.01%,0.00%
方正富邦红利精选混合,574,10.35,新进,2.59%,0.00%
国泰估值优势混合(LOF),16274,293.6,新进,3.93%,0.05%
华宝宝康配置混合,439,7.92,新进,1.24%,0.00%
华宝新动力混合,262,4.72,新进,0.41%,0.00%
华富华鑫灵活配置混合C,435,7.84,新进,2.55%,0.00%
华夏经典配置混合,3181,57.39,新进,3.94%,0.01%
海富通欣荣混合A,290,5.24,新进,2.91%,0.00%
诺安改革趋势混合,483,8.71,新进,3.86%,0.00%
江信瑞福混合A,333,6.0,新进,4.98%,0.00%
汇添富新兴消费股票,6330,114.2,新进,7.03%,0.02%
嘉实量化阿尔法混合,660,11.9,新进,2.42%,0.00%
建信信息产业股票,2542,45.86,新进,4.36%,0.01%
华夏鼎融债券C,22,0.39,新进,0.11%,0.00%
融通巨潮100指数(LOF)A,2481,44.75,新进,2.94%,0.01%
平安大华转型创新混合A,211,3.8,新进,1.79%,0.00%
华安安益保本混合,1,0.01,新进,0.00%,0.00%
华安新安平混合A,431,7.78,新进,0.84%,0.00%
民生加银研究精选混合,2625,47.35,新进,3.05%,0.01%
建信鑫利混合,869,15.67,新进,1.23%,0.00%
九泰久盛量化先锋混合A,2392,43.16,新进,3.66%,0.01%
华夏消费升级混合A,3326,60.0,新进,4.27%,0.01%
建信民丰回报定期开放混合,125,2.25,新进,0.14%,0.00%
华宝新优选混合,261,4.7,新进,0.45%,0.00%
九泰久盛量化先锋混合C,2392,43.16,新进,3.66%,0.01%
平安大华鑫荣混合C,45,0.81,新进,0.29%,0.00%
华夏消费升级混合C,3326,60.0,新进,4.27%,0.01%
华宝第三产业混合,304,5.48,新进,2.08%,0.00%
银华中证等权90指数鑫利,236,4.26,新进,1.13%,0.00%
建信量化事件驱动股票,206,3.72,新进,1.09%,0.00%
南华瑞盈混合发起A,72,1.3,新进,2.45%,0.00%
南华瑞盈混合发起C,72,1.3,新进,2.45%,0.00%
平安大华鑫享混合C,300,5.41,新进,1.21%,0.00%
银华中证等权90指数分级,236,4.26,新进,1.13%,0.00%
添富年年丰定开混合C,403,7.27,新进,0.93%,0.00%
景顺长城景颐双利债券A,831,15.0,新进,0.49%,0.00%
景顺长城景颐双利债券C,831,15.0,新进,0.49%,0.00%
建信互联网+产业升级股票,4424,79.82,新进,3.16%,0.01%
景顺长城稳健回报混合C,303,5.47,新进,0.41%,0.00%
景顺长城景盛双息收益债券A,22,0.4,新进,0.39%,0.00%
华宝新起点混合,261,4.71,新进,0.39%,0.00%
景顺长城景盈金利债券A,55,0.99,新进,0.86%,0.00%
鹏华策略回报混合,1500,27.07,新进,5.39%,0.00%
景顺长城景瑞睿利回报定期开放混合,473,8.53,新进,1.05%,0.00%
南方高端装备混合C,2216,39.98,新进,5.12%,0.01%
光大保德信欣鑫混合A,569,10.26,新进,2.69%,0.00%
信诚周期轮动混合(LOF),1663,30.0,新进,2.58%,0.00%
中邮多策略灵活配置混合,998,18.0,新进,2.93%,0.00%
新华万银策略灵活配置混合,1389,25.05,新进,3.95%,0.00%
景顺长城泰和回报混合A,498,8.98,新进,1.18%,0.00%
景顺长城景盈金利债券C,55,0.99,新进,0.86%,0.00%
华安宏利混合,14663,264.54,新进,5.94%,0.04%
景顺长城研究精选股票,453,8.18,新进,1.83%,0.00%
景顺长城泰和回报混合C,498,8.98,新进,1.18%,0.00%
华夏睿磐泰盛定开混合,83,1.5,新进,0.23%,0.00%
申万菱信盛利精选混合,3825,69.01,新进,5.07%,0.01%
华富华鑫灵活配置混合A,435,7.84,新进,2.55%,0.00%
嘉实事件驱动股票,16070,289.92,新进,2.40%,0.04%
江信瑞福混合C,333,6.0,新进,4.98%,0.00%
益民红利成长混合,976,17.61,新进,2.42%,0.00%
华安新安平混合C,431,7.78,新进,0.84%,0.00%
景顺长城量化新动力股票,1986,35.84,新进,3.57%,0.01%
景顺长城景盛双息收益债券C,22,0.4,新进,0.39%,0.00%
九泰天富改革混合,3094,55.81,新进,3.66%,0.01%
景顺长城领先回报混合A,809,14.6,新进,2.79%,0.00%
华夏鼎融债券A,22,0.39,新进,0.11%,0.00%
国泰金鼎价值混合,5820,105.0,新进,5.08%,0.02%
景顺长城四季金利债券C,109,1.97,新进,0.78%,0.00%
新华趋势领航混合,3473,62.66,新进,2.88%,0.01%
景顺长城优质成长股票,185,3.33,新进,3.57%,0.00%
广发百发大数据精选混合A,513,9.25,新进,5.73%,0.00%
长信金利趋势混合,3288,59.32,新进,2.19%,0.01%
南方品质优选灵活配置混合,18835,339.79,新进,3.20%,0.05%
南方荣优鑫年享定期开放混合A,456,8.23,新进,0.57%,0.00%
南方荣优鑫年享定期开放混合C,456,8.23,新进,0.57%,0.00%
工银新机遇灵活配置混合A,420,7.57,新进,3.21%,0.00%
海富通中小盘混合,851,15.36,新进,4.62%,0.00%
鹏华养老产业股票,2285,41.22,新进,5.05%,0.01%
江信同福混合A,44,0.8,新进,5.86%,0.00%
江信同福混合C,44,0.8,新进,5.86%,0.00%
建信进取,135,2.44,新进,0.82%,0.00%
华泰柏瑞行业领先混合,1,0.01,新进,0.00%,0.00%
景顺长城沪深300等权重ETF,14,0.26,新进,0.35%,0.00%
华泰柏瑞行业竞争优势混合,17,0.3,新进,0.08%,0.00%
华夏港股通精选股票(LOF),863,15.57,新进,2.30%,0.00%
华夏磐泰定开混合(LOF),65,1.17,新进,0.27%,0.00%
九泰锐益定增混合,1268,22.88,新进,0.57%,0.00%
华泰柏瑞量化增强混合A,4825,87.06,新进,0.96%,0.01%
嘉实基本面50指数(LOF),4317,77.88,新进,2.44%,0.01%
嘉实多利分级债券,17,0.31,新进,0.19%,0.00%
建信多因子量化股票,101,1.82,新进,0.94%,0.00%
华泰柏瑞盛世中国混合,30,0.55,新进,0.02%,0.00%
嘉实多利分级债券进取,17,0.31,新进,0.19%,0.00%
华泰柏瑞健康生活混合,55,1.0,新进,0.07%,0.00%
华夏新经济混合,2493,44.97,新进,0.06%,0.01%
华夏红利混合,14790,266.82,新进,1.53%,0.04%
景顺长城优势企业混合,320,5.78,新进,1.06%,0.00%
华泰柏瑞创新升级混合,7,0.12,新进,0.02%,0.00%
华商量化进取混合,5543,100.0,新进,2.24%,0.02%
嘉实新起点混合A,64,1.15,新进,0.10%,0.00%
建信鑫盛回报灵活配置混合,320,5.77,新进,1.64%,0.00%
建信改革红利股票,515,9.3,新进,1.51%,0.00%
建信睿盈灵活配置混合C,466,8.4,新进,2.00%,0.00%
嘉实绝对收益策略定期混合,6,0.11,新进,0.05%,0.00%
华商新常态混合,942,17.0,新进,2.22%,0.00%
建信现代服务业股票,67,1.21,新进,1.59%,0.00%
华商新量化混合,776,14.0,新进,1.08%,0.00%
华夏网购精选混合,27,0.49,新进,0.32%,0.00%
华夏新锦图混合A,113,2.03,新进,0.52%,0.00%
华泰柏瑞量化绝对收益混合,287,5.17,新进,0.73%,0.00%
嘉实沪深300指数研究增强,0,0.0,新进,0.00%,0.00%
华泰柏瑞睿利混合A,27,0.49,新进,0.13%,0.00%
建信潜力新蓝筹股票,191,3.44,新进,1.98%,0.00%
华商乐享互联混合,554,10.0,新进,2.66%,0.00%
建信精工制造指数增强,151,2.73,新进,0.76%,0.00%
华泰柏瑞量化优选混合,727,13.11,新进,0.68%,0.00%
建信中证500指数增强A,153,2.76,新进,0.08%,0.00%
汇添富外延增长主题股票,2622,47.29,新进,0.68%,0.01%
华泰柏瑞量化驱动混合,894,16.12,新进,0.63%,0.00%
华泰柏瑞创新动力混合,3,0.06,新进,0.02%,0.00%
华泰柏瑞量化对冲混合,93,1.68,新进,0.26%,0.00%
嘉实研究增强混合,336,6.06,新进,0.58%,0.00%
嘉实新起点混合C,64,1.15,新进,0.10%,0.00%
金信转型创新成长混合,114,2.05,新进,4.45%,0.00%
华商创新成长混合发起式,1524,27.5,新进,2.34%,0.00%
华泰柏瑞精选回报混合,83,1.49,新进,0.15%,0.00%
建信睿盈灵活配置混合A,466,8.4,新进,2.00%,0.00%
建信新经济灵活配置混合,1052,18.98,新进,1.99%,0.00%
景顺长城景颐增利债券A,109,1.96,新进,0.40%,0.00%
景顺长城景颐增利债券C,109,1.96,新进,0.40%,0.00%
华泰柏瑞睿利混合C,27,0.49,新进,0.13%,0.00%
华夏成长混合,277,5.0,新进,0.06%,0.00%
九泰锐富事件驱动混合,986,17.79,新进,1.56%,0.00%
华夏磐晟定开混合(LOF),672,12.12,新进,1.93%,0.00%
景顺长城优信增利债券A,194,3.5,新进,0.23%,0.00%
景顺长城优信增利债券C,194,3.5,新进,0.23%,0.00%
华夏蓝筹混合(LOF),2380,42.94,新进,0.53%,0.01%
嘉实多利分级债券优先,17,0.31,新进,0.19%,0.00%
建信稳健,135,2.44,新进,0.82%,0.00%
建信双利分级,135,2.44,新进,0.82%,0.00%
景顺长城动力平衡混合,3101,55.94,新进,1.76%,0.01%
嘉实多元债券A,63,1.13,新进,0.14%,0.00%
华夏行业混合(LOF),1594,28.75,新进,0.62%,0.00%
嘉实多元债券B,63,1.13,新进,0.14%,0.00%
嘉实对冲套利定期混合,12,0.21,新进,0.10%,0.00%
华夏新锦图混合C,113,2.03,新进,0.52%,0.00%
华夏优势增长混合,4118,74.29,新进,0.63%,0.01%
汇添富国企创新股票,1497,27.0,新进,1.50%,0.00%
嘉实企业变革股票,2411,43.5,新进,1.51%,0.01%
银华锐进,15417,348.89,增仓31.06,5.37%,0.05%
广发聚优灵活配置混合A,2629,59.5,增仓43.34,3.95%,0.01%
安信新起点混合A,200,4.53,增仓2.17,2.06%,0.00%
安信新起点混合C,200,4.53,增仓2.17,2.06%,0.00%
长盛战略新兴产业混合A,764,17.3,增仓1.23,1.76%,0.00%
银华稳进,15417,348.89,增仓31.06,5.37%,0.05%
嘉实深证基本面120联接,33,0.74,增仓0.17,0.20%,0.00%
工银月月薪定期支付债券A,227,5.13,增仓4.73,0.39%,0.00%
长盛积极配置债券,214,4.85,增仓0.01,0.43%,0.00%
银华多元视野灵活配置混合,344,7.79,增仓0.83,1.92%,0.00%
中欧沪深300指数增强(LOF)A,159,3.61,增仓1.59,1.64%,0.00%
大成中证100ETF,66,1.5,增仓0.06,2.62%,0.00%
宝盈优势产业混合,868,19.64,增仓3.29,8.11%,0.00%
工银深证红利ETF,4921,111.37,增仓131.61,13.04%,0.02%
申万菱信沪深300价值指数,842,19.06,增仓6.42,3.09%,0.00%
新华灵活主题混合,79,1.79,增仓2.61,2.58%,0.00%
光大保德信铭鑫混合C,707,16.0,增仓3.13,1.35%,0.00%
汇添富价值精选混合A,16354,370.09,增仓161.75,3.68%,0.06%
信诚永丰混合A,287,6.51,增仓0.60,0.47%,0.00%
信诚永鑫混合C,349,7.9,增仓0.59,0.57%,0.00%
国泰景气行业灵活配置混合,5798,131.21,增仓77.07,6.26%,0.02%
大摩深证300指数增强,170,3.84,增仓0.50,3.55%,0.00%
泰达宏利启明混合C,708,16.03,增仓13.91,1.35%,0.00%
泰达宏利启迪混合A,709,16.05,增仓15.51,1.35%,0.00%
招商深证100指数A,385,8.72,增仓0.81,5.51%,0.00%
南方新兴消费进取,3296,74.59,增仓35.12,4.84%,0.01%
鹏华沪深300指数(LOF),602,13.63,增仓4.27,1.75%,0.00%
中银中证100指数增强,881,19.93,增仓0.38,2.61%,0.00%
景顺长城核心竞争力混合A,8838,200.0,增仓50.00,5.55%,0.03%
中欧行业成长混合(LOF)C,20331,460.09,增仓63.81,5.35%,0.07%
华润元大富时中国A50指数,493,11.16,增仓6.76,3.20%,0.00%
汇添富高端制造股票,8100,183.31,增仓38.51,9.74%,0.03%
华宝中证100指数,1927,43.61,增仓0.26,2.65%,0.01%
平安大华鑫安混合A,396,8.97,增仓0.39,1.51%,0.00%
平安大华鑫安混合C,396,8.97,增仓0.39,1.51%,0.00%
泰达宏利启惠混合C,708,16.03,增仓13.74,1.23%,0.00%
银华深证100指数分级,15417,348.89,增仓31.06,5.37%,0.05%
鹏华改革红利股票,6488,146.83,增仓0.01,3.78%,0.02%
天弘沪深300指数,1409,31.89,增仓9.06,1.72%,0.00%
中银宏利混合A,3409,77.15,增仓0.37,4.33%,0.01%
中银宏利混合C,3409,77.15,增仓0.37,4.33%,0.01%
新华鑫利灵活配置混合,53,1.2,增仓1.57,2.17%,0.00%
太平灵活配置混合,2872,65.0,增仓3.00,1.76%,0.01%
泰达宏利启泽混合C,708,16.03,增仓14.79,1.23%,0.00%
招商央视财经50指数A,401,9.06,增仓9.92,4.08%,0.00%
上投摩根大盘蓝筹股票,1883,42.62,增仓4.76,5.05%,0.01%
汇添富蓝筹稳健混合,19223,435.01,增仓404.99,9.11%,0.07%
南方深证成份ETF联接A,3,0.07,增仓0.22,0.01%,0.00%
交银深证300价值联接,9,0.2,增仓0.11,0.15%,0.00%
华泰柏瑞沪深300ETF,32483,735.08,增仓51.70,1.83%,0.11%
东方红优势精选混合,5555,125.7,增仓46.19,6.83%,0.02%
建信央视财经50指数分级B,1877,42.48,增仓37.82,4.05%,0.01%
招商央视财经50指数C,401,9.06,增仓9.92,4.08%,0.00%
泰康宏泰回报混合,382,8.65,增仓1.23,1.11%,0.00%
南方新兴消费增长分级股票,3296,74.59,增仓35.12,4.84%,0.01%
南方深证成份ETF联接C,3,0.07,增仓0.22,0.01%,0.00%
中欧沪深300指数增强(LOF)E,159,3.61,增仓1.59,1.64%,0.00%
大摩领先优势混合,1515,34.28,增仓1.53,3.22%,0.01%
深F60ETF,1027,23.24,增仓9.52,7.53%,0.00%
景顺长城核心竞争力混合H,8838,200.0,增仓50.00,5.55%,0.03%
中欧行业成长混合(LOF)E,20331,460.09,增仓63.81,5.35%,0.07%
泰康新机遇灵活配置混合,3156,71.41,增仓8.69,1.44%,0.01%
工银月月薪定期支付债券C,227,5.13,增仓4.73,0.39%,0.00%
广发稳裕保本混合,3372,76.3,增仓37.05,0.83%,0.01%
光大保德信铭鑫混合A,707,16.0,增仓3.13,1.35%,0.00%
MSCI中国A股ETF,470,10.64,增仓0.07,1.14%,0.00%
长盛战略新兴产业混合C,764,17.3,增仓1.23,1.76%,0.00%
汇丰晋信恒生龙头指数C,1381,31.26,增仓0.80,5.42%,0.00%
宝盈新锐混合,899,20.34,增仓5.21,7.97%,0.00%
建信央视财经50指数分级,1877,42.48,增仓37.82,4.05%,0.01%
景顺长城景瑞双利定期开放债券,110,2.49,增仓0.95,0.52%,0.00%
泰达宏利启惠混合A,708,16.03,增仓13.74,1.23%,0.00%
泰达宏利启明混合A,708,16.03,增仓13.91,1.35%,0.00%
泰达宏利启泽混合A,708,16.03,增仓14.79,1.23%,0.00%
泰达宏利启迪混合C,709,16.05,增仓15.51,1.35%,0.00%
建信央视财经50指数分级A,1877,42.48,增仓37.82,4.05%,0.01%
招商深证100指数C,385,8.72,增仓0.81,5.51%,0.00%
易方达消费行业股票,55269,1250.71,增仓950.04,9.17%,0.19%
信诚永利混合A,288,6.51,增仓0.60,0.47%,0.00%
信诚永丰混合C,287,6.51,增仓0.60,0.47%,0.00%
汇添富深证300ETF联接,6,0.13,增仓0.02,0.07%,0.00%
信诚永鑫混合A,349,7.9,增仓0.59,0.57%,0.00%
易方达深证100ETF,20775,470.14,增仓20.48,5.78%,0.07%
汇添富消费行业混合,21211,480.0,增仓10.00,7.20%,0.07%
汇添富可转债债券C,133,3.0,增仓3.99,0.99%,0.00%
汇添富可转债债券A,133,3.0,增仓3.99,0.99%,0.00%
招商沪深300指数C,639,14.46,增仓2.47,2.51%,0.00%
中欧行业成长混合(LOF)A,20331,460.09,增仓63.81,5.35%,0.07%
天弘中证100指数C,56,1.26,增仓1.24,2.68%,0.00%
鹏华量化策略混合,3,0.06,增仓0.19,0.05%,0.00%
招商沪深300指数A,639,14.46,增仓2.47,2.51%,0.00%
鹏华品牌传承混合,438,9.92,增仓2.66,5.09%,0.00%
汇丰晋信恒生龙头指数A,1381,31.26,增仓0.80,5.42%,0.00%
泰康策略优选混合,1427,32.3,增仓4.36,1.61%,0.01%
诺安先进制造股票,645,14.6,增仓19.20,4.77%,0.00%
信诚永利混合C,288,6.51,增仓0.60,0.47%,0.00%
东方红新动力混合,12815,290.0,增仓101.54,3.10%,0.05%
南方新兴消费收益,3296,74.59,增仓35.12,4.84%,0.01%
农银区间策略混合,373,8.44,增仓3.69,1.20%,0.00%
东方红优享红利混合,23330,527.94,增仓84.94,6.58%,0.08%
国投瑞银深证100指数(LOF),1760,39.83,增仓19.40,3.35%,0.01%
宝盈中证100指数增强,511,11.56,增仓0.32,2.53%,0.00%
东方岳灵活配置混合,381,8.63,增仓0.05,1.72%,0.00%
东方红产业升级混合,30677,694.2,增仓213.54,8.85%,0.11%
工银沪深300指数,3065,69.37,增仓5.24,1.73%,0.01%
天弘中证100指数A,56,1.26,增仓1.24,2.68%,0.00%
东吴深证100指数增强(LOF),36,0.81,增仓0.10,6.13%,0.00%
大成沪深300指数,2746,62.15,增仓2.84,1.34%,0.01%
国投瑞银和顺债券,124,2.8,增仓0.50,2.86%,0.00%
广发行业领先混合H,22095,500.0,不变,6.01%,0.08%
工银核心价值混合H,15536,351.57,不变,3.47%,0.05%
兴业成长动力混合,334,7.55,不变,6.41%,0.00%
华夏回报混合H,66313,1500.64,不变,7.08%,0.23%
长盛新兴成长混合,1970,44.59,不变,4.64%,0.01%
德邦鑫星价值灵活配置混合C,663,15.0,不变,0.94%,0.00%
广发安盈混合A,371,8.39,不变,1.85%,0.00%
鹏华消费领先混合,1019,23.05,不变,3.99%,0.00%
诺德深证300指数分级B,28,0.63,不变,3.15%,0.00%
华夏回报混合A,66313,1500.64,不变,7.08%,0.23%
鹏华盛世创新混合(LOF),456,10.31,不变,4.87%,0.00%
华夏回报二号混合,34761,786.63,不变,7.41%,0.12%
易方达行业领先混合,3535,80.0,不变,4.55%,0.01%
汇添富盈安保本混合,16351,370.0,不变,4.62%,0.06%
兴业国企改革混合,557,12.61,不变,4.01%,0.00%
天治新消费混合,102,2.3,不变,4.02%,0.00%
南方高端装备混合A,1767,39.98,不变,4.12%,0.01%
汇添富优势精选混合,12373,280.0,不变,6.86%,0.04%
华夏安康优选债券A,707,16.0,不变,2.72%,0.00%
华夏安康优选债券C,707,16.0,不变,2.72%,0.00%
交银稳健配置混合A,20534,464.67,不变,5.75%,0.07%
诺德深证300指数分级,28,0.63,不变,3.15%,0.00%
汇添富保鑫保本混合,2872,65.0,不变,2.58%,0.01%
华泰柏瑞沪深300ETF联接,7,0.15,不变,0.05%,0.00%
汇添富美丽30混合,15908,360.0,不变,6.56%,0.06%
景顺长城新兴成长混合,9280,210.0,不变,6.83%,0.03%
汇添富双利债券C,143,3.23,不变,1.59%,0.00%
金元顺安核心动力混合,661,14.96,不变,1.63%,0.00%
交银深证300价值ETF,456,10.31,不变,7.65%,0.00%
广发安盈混合C,371,8.39,不变,1.85%,0.00%
九泰天宝灵活配置混合A,1060,24.0,不变,5.73%,0.00%
德邦鑫星价值灵活配置混合A,663,15.0,不变,0.94%,0.00%
景顺长城鼎益混合(LOF),13257,300.0,不变,7.07%,0.05%
汇添富盈稳保本混合,11048,250.0,不变,4.38%,0.04%
中邮睿信增强债券,442,10.0,不变,2.12%,0.00%
诺德深证300指数分级A,28,0.63,不变,3.15%,0.00%
中银鑫利混合C,359,8.12,不变,5.32%,0.00%
汇添富双利债券A,143,3.23,不变,1.59%,0.00%
汇添富盈鑫保本混合,16792,380.0,不变,4.96%,0.06%
信诚至泰混合A,279,6.31,不变,1.43%,0.00%
九泰天宝灵活配置混合C,1060,24.0,不变,5.73%,0.00%
信诚至泰混合C,279,6.31,不变,1.43%,0.00%
中银鑫利混合A,359,8.12,不变,5.32%,0.00%
华安新丰利混合C,277,6.26,不变,1.34%,0.00%
华安新丰利混合A,277,6.26,不变,1.34%,0.00%
华夏大盘精选混合,12434,281.37,不变,5.03%,0.04%
工银大盘蓝筹混合,1133,25.65,不变,2.80%,0.00%
工银核心价值混合A,15536,351.57,不变,3.47%,0.05%
申万菱信稳益宝债券,265,6.0,不变,0.85%,0.00%
广发行业领先混合A,22095,500.0,不变,6.01%,0.08%
嘉实环保低碳股票,11491,260.04,减仓10.75,4.81%,0.04%
德邦大健康灵活配置混合,2090,47.3,减仓2.10,8.70%,0.01%
光大保德信永鑫混合A,1325,30.0,减仓7.50,1.06%,0.00%
光大保德信永鑫混合C,1325,30.0,减仓7.50,1.06%,0.00%
大成深证成份ETF,1034,23.41,减仓1.84,2.83%,0.00%
银华沪深300指数分级B,234,5.29,减仓0.42,1.71%,0.00%
国泰沪深300指数,3262,73.82,减仓6.24,1.69%,0.01%
东方红睿丰混合(LOF),85539,1935.72,减仓34.97,6.95%,0.30%
银华大数据灵活配置定期开放混合发起式,109,2.46,减仓0.76,1.44%,0.00%
国泰金马稳健混合,14517,328.51,减仓53.87,9.65%,0.05%
融通深证100指数C,47967,1085.48,减仓147.30,5.53%,0.17%
融通深证成份指数C,438,9.92,减仓0.41,2.74%,0.00%
浙商沪深300指数分级,452,10.23,减仓6.39,1.76%,0.00%
平安大华深证300指数增强,244,5.52,减仓0.83,3.61%,0.00%
信诚沪深300指数分级A,489,11.07,减仓1.22,1.32%,0.00%
广发中证全指可选消费ETF,2664,60.29,减仓6.41,7.19%,0.01%
前海开源外向企业股票,180,4.08,减仓0.22,3.06%,0.00%
德邦优化配置混合,155,3.5,减仓0.20,2.41%,0.00%
长安沪深300非周期行业指数,341,7.71,减仓2.48,3.43%,0.00%
易方达沪深300ETF联接,148,3.34,减仓3.29,0.04%,0.00%
易方达深证100ETF联接A,474,10.73,减仓4.03,0.28%,0.00%
海富通养老收益混合A,556,12.59,减仓10.16,1.64%,0.00%
大成景尚灵活配置混合A,379,8.58,减仓3.22,0.45%,0.00%
申万菱信新经济混合,7699,174.23,减仓174.23,4.21%,0.03%
金元顺安新经济主题混合,1017,23.02,减仓5.01,7.21%,0.00%
前海联合沪深300指数,185,4.19,减仓0.21,3.31%,0.00%
前海开源沪深300指数,15,0.35,减仓0.06,1.50%,0.00%
国投瑞银安颐多策略混合,362,8.2,减仓3.10,3.97%,0.00%
信诚量化阿尔法股票,137,3.09,减仓2.39,1.79%,0.00%
易方达沪深300发起式ETF,7083,160.28,减仓4.46,1.81%,0.02%
中银润利混合A,3812,86.26,减仓5.05,4.70%,0.01%
易方达深证成指ETF,77,1.74,减仓0.49,2.83%,0.00%
大摩品质生活精选股票,2691,60.9,减仓8.30,3.84%,0.01%
汇添富沪深300安中指数,1027,23.24,减仓14.57,2.87%,0.00%
银华永祥灵活配置混合,437,9.88,减仓7.60,1.56%,0.00%
大成景尚灵活配置混合C,379,8.58,减仓3.22,0.45%,0.00%
国富中证100指数增强分级B,297,6.71,减仓1.77,2.87%,0.00%
国富中证100指数增强分级A,297,6.71,减仓1.77,2.87%,0.00%
工银深证100指数分级B,227,5.13,减仓0.06,5.40%,0.00%
工银深证100指数分级A,227,5.13,减仓0.06,5.40%,0.00%
广发深证100指数分级B,532,12.03,减仓0.69,5.52%,0.00%
银河研究精选混合,12373,280.0,减仓124.00,3.94%,0.04%
华夏沪深300指数增强A,852,19.29,减仓4.10,1.96%,0.00%
华夏沪深300指数增强C,852,19.29,减仓4.10,1.96%,0.00%
广发可选消费联接C,52,1.17,减仓0.89,0.13%,0.00%
广发深证100指数分级A,532,12.03,减仓0.69,5.52%,0.00%
国联安双禧中证100指数B,524,11.87,减仓1.02,2.61%,0.00%
国联安双禧中证100指数A,524,11.87,减仓1.02,2.61%,0.00%
瑞和远见,386,8.73,减仓0.71,1.59%,0.00%
瑞和小康,386,8.73,减仓0.71,1.59%,0.00%
银河智联混合,2210,50.0,减仓10.00,6.96%,0.01%
广发可选消费联接A,52,1.17,减仓0.89,0.13%,0.00%
汇添富优选回报混合A,659,14.92,减仓3.14,2.77%,0.00%
银华瑞祥,640,14.48,减仓4.39,3.23%,0.00%
申万菱信深证成指分级进取,7080,160.22,减仓22.30,2.64%,0.02%
华富中证100指数,247,5.58,减仓0.02,2.61%,0.00%
华安科技动力混合,8838,200.0,减仓120.00,2.45%,0.03%
国泰安康养老定期支付混合A,520,11.76,减仓3.29,1.37%,0.00%
诺安行业轮动混合,2209,49.99,减仓14.00,3.68%,0.01%
东吴阿尔法灵活配置混合,1031,23.32,减仓5.82,7.12%,0.00%
华安沪深300指数分级,492,11.13,减仓0.95,1.73%,0.00%
海富通富睿混合A,237,5.35,减仓4.47,1.04%,0.00%
海富通富睿混合C,237,5.35,减仓4.47,1.04%,0.00%
天弘中证800指数A,221,5.01,减仓1.25,1.24%,0.00%
东方红睿轩沪港深混合,10535,238.41,减仓6.54,6.99%,0.04%
泰达宏利领先中小盘混合,431,9.76,减仓2.71,3.83%,0.00%
南方开元沪深300ETF,2033,46.0,减仓0.99,1.82%,0.01%
银华消费分级混合,640,14.48,减仓4.39,3.23%,0.00%
银河沪深300指数,833,18.85,减仓1.34,3.28%,0.00%
鹏华深证民营ETF,489,11.06,减仓0.60,8.78%,0.00%
华夏新锦顺混合A,1105,25.0,减仓8.00,2.11%,0.00%
银华沪深300指数分级,234,5.29,减仓0.42,1.71%,0.00%
嘉实富时中国A50ETF联接A,6,0.14,减仓0.12,0.12%,0.00%
华夏沪深300ETF,31957,723.18,减仓12.76,1.79%,0.11%
华商民营活力混合,354,8.0,减仓2.00,3.02%,0.00%
新华积极价值混合,700,15.85,减仓1.85,2.82%,0.00%
申万菱信安鑫回报灵活配置混合C,530,12.0,减仓9.00,1.88%,0.00%
农银汇理大盘蓝筹混合,426,9.65,减仓2.97,1.52%,0.00%
中银润利混合C,3812,86.26,减仓5.05,4.70%,0.01%
嘉实深证基本面120ETF,908,20.55,减仓0.75,5.90%,0.00%
嘉实富时中国A50ETF,578,13.07,减仓8.37,3.30%,0.00%
易方达新利混合,442,10.0,减仓3.82,0.83%,0.00%
东方红策略精选混合C,663,15.0,减仓3.00,0.73%,0.00%
中金沪深300指数A,26,0.6,减仓0.33,2.06%,0.00%
华夏新锦顺混合C,1105,25.0,减仓8.00,2.11%,0.00%
嘉实沪深300ETF联接(LOF),412,9.33,减仓7.02,0.02%,0.00%
南方开元沪深300ETF联接A,52,1.17,减仓0.05,0.06%,0.00%
南方丰合保本混合,1583,35.82,减仓7.58,0.82%,0.01%
海富通沪港深混合,508,11.5,减仓0.74,3.01%,0.00%
先锋精一混合C,2123,48.04,减仓48.03,8.64%,0.01%
西部利得多策略优选混合,351,7.94,减仓4.64,0.95%,0.00%
华夏新活力混合A,1016,23.0,减仓10.00,2.01%,0.00%
银华沪深300指数分级A,234,5.29,减仓0.42,1.71%,0.00%
西部利得成长精选混合,264,5.97,减仓2.42,0.93%,0.00%
南方益和保本混合,1754,39.7,减仓7.13,0.67%,0.01%
海富通中证100指数(LOF),274,6.2,减仓0.72,2.78%,0.00%
先锋精一混合A,2123,48.04,减仓48.03,8.64%,0.01%
申万菱信安鑫回报灵活配置混合A,530,12.0,减仓9.00,1.88%,0.00%
中金沪深300指数C,26,0.6,减仓0.33,2.06%,0.00%
华夏沪深300ETF联接A,426,9.63,减仓0.70,0.04%,0.00%
南方安裕养老混合,1133,25.64,减仓8.13,0.52%,0.00%
泰达改革动力混合C,1776,40.18,减仓22.32,1.63%,0.01%
银河沪深300成长进取,113,2.57,减仓1.34,4.48%,0.00%
诺安中证100指数,554,12.55,减仓0.44,2.72%,0.00%
泰达宏利绝对混合,130,2.95,减仓0.84,0.99%,0.00%
浙商沪深300指数分级稳健,452,10.23,减仓6.39,1.76%,0.00%
信诚沪深300指数分级B,489,11.07,减仓1.22,1.32%,0.00%
华安深证300指数(LOF),2703,61.17,减仓17.13,3.41%,0.01%
信诚沪深300指数分级,489,11.07,减仓1.22,1.32%,0.00%
上投摩根成长先锋混合,2780,62.9,减仓6.74,3.04%,0.01%
汇添富达欣混合A,421,9.53,减仓2.38,1.99%,0.00%
景顺长城精选蓝筹混合,22095,500.0,减仓40.00,6.20%,0.08%
南方开元沪深300ETF联接C,52,1.17,减仓0.05,0.06%,0.00%
建信深证基本面60ETF联接,27,0.6,减仓0.04,0.18%,0.00%
泰达改革动力混合A,1776,40.18,减仓22.32,1.63%,0.01%
国泰安康养老定期支付混合C,520,11.76,减仓3.29,1.37%,0.00%
工银现代服务业混合,796,18.01,减仓5.22,2.99%,0.00%
鹏华沪深300ETF,57,1.3,减仓0.03,1.84%,0.00%
鹏华安益增强混合,165,3.73,减仓1.70,1.14%,0.00%
浙商大数据智选消费混合,659,14.92,减仓6.16,2.17%,0.00%
光大保德信睿鑫混合C,663,15.0,减仓3.80,1.05%,0.00%
长盛互联网+混合,607,13.74,减仓2.15,4.99%,0.00%
大摩卓越成长混合,2438,55.17,减仓10.60,4.14%,0.01%
汇添富深证300ETF,324,7.33,减仓0.21,3.58%,0.00%
农银汇理沪深300指数A,1500,33.95,减仓2.97,1.73%,0.01%
东方红睿逸定期开放混合,3401,76.95,减仓6.36,4.08%,0.01%
华夏圆和混合,795,18.0,减仓6.00,1.46%,0.00%
汇添富均衡增长混合,20374,461.06,减仓71.39,4.01%,0.07%
汇添富成长焦点混合,67169,1520.0,减仓220.00,9.76%,0.24%
长盛高端装备混合,722,16.34,减仓11.34,1.60%,0.00%
国寿安保沪深300指数,1407,31.83,减仓8.61,1.58%,0.00%
光大保德信睿鑫混合A,663,15.0,减仓3.80,1.05%,0.00%
中银宝利混合A,4118,93.18,减仓14.58,5.28%,0.01%
中银宝利混合C,4118,93.18,减仓14.58,5.28%,0.01%
工银新得益混合,663,15.0,减仓3.00,1.20%,0.00%
东方红策略精选混合A,663,15.0,减仓3.00,0.73%,0.00%
中银稳进保本混合,10768,243.68,减仓151.05,4.75%,0.04%
银河沪深300成长优先,113,2.57,减仓1.34,4.48%,0.00%
浙商沪深300指数分级进取,452,10.23,减仓6.39,1.76%,0.00%
建信沪深300指数(LOF),857,19.4,减仓0.67,1.72%,0.00%
银华瑞吉,640,14.48,减仓4.39,3.23%,0.00%
银华-道琼斯88指数,4612,104.37,减仓11.44,1.77%,0.02%
华安沪深300指数分级B,492,11.13,减仓0.95,1.73%,0.00%
华安沪深300指数分级A,492,11.13,减仓0.95,1.73%,0.00%
平安大华新鑫先锋混合C,354,8.0,减仓1.00,4.96%,0.00%
华夏新锦程混合C,884,20.0,减仓6.00,1.67%,0.00%
益民中证智能消费指数,67,1.51,减仓0.93,5.41%,0.00%
银河沪深300成长分级,113,2.57,减仓1.34,4.48%,0.00%
长安产业精选混合A,1048,23.71,减仓8.52,6.85%,0.00%
华夏新活力混合C,1016,23.0,减仓10.00,2.01%,0.00%
海富通养老收益混合C,556,12.59,减仓10.16,1.64%,0.00%
汇添富多策略定开混合,14406,326.01,减仓70.00,9.15%,0.05%
天弘中证800指数C,221,5.01,减仓1.25,1.24%,0.00%
东方红中国优势混合,47529,1075.56,减仓144.49,9.81%,0.17%
嘉实沪深300ETF,33523,758.6,减仓52.12,1.83%,0.12%
东方红睿华沪港深混合,88156,1994.93,减仓407.16,9.36%,0.31%
申万菱信深证成指分级收益,7080,160.22,减仓22.30,2.64%,0.02%
南方瑞利混合,894,20.23,减仓15.17,0.78%,0.00%
易方达深证100ETF联接C,474,10.73,减仓4.03,0.28%,0.00%
汇添富达欣混合C,421,9.53,减仓2.38,1.99%,0.00%
汇添富优选回报混合C,659,14.92,减仓3.14,2.77%,0.00%
南方避险增值混合,4452,100.75,减仓16.75,0.60%,0.02%
海富通新内需混合A,131,2.96,减仓2.06,1.35%,0.00%
东方红睿元混合,11900,269.3,减仓1.87,8.34%,0.04%
上投摩根卓越制造股票,5389,121.94,减仓13.19,3.31%,0.02%
海富通阿尔法对冲混合,884,20.0,减仓4.00,2.01%,0.00%
大摩睿成大盘弹性股票,108,2.45,减仓0.42,1.43%,0.00%
建信深证100指数增强,586,13.27,减仓4.09,5.55%,0.00%
平安大华新鑫先锋混合A,354,8.0,减仓1.00,4.96%,0.00%
深成ETF,1373,31.08,减仓1.40,2.88%,0.00%
南方安泰养老混合,929,21.02,减仓5.99,0.60%,0.00%
汇安丰裕混合C,1750,39.59,减仓5.50,8.64%,0.01%
汇安丰裕混合A,1750,39.59,减仓5.50,8.64%,0.01%
华夏新锦程混合A,884,20.0,减仓6.00,1.67%,0.00%
海富通新内需混合C,131,2.96,减仓2.06,1.35%,0.00%
博时深证基本面200ETF,287,6.49,减仓0.54,5.04%,0.00%
东方红沪港深混合,45930,1039.37,减仓103.87,8.88%,0.16%
长盛沪深300指数(LOF),104,2.35,减仓0.02,1.74%,0.00%
国开开航混合,133,3.0,减仓2.20,2.40%,0.00%
东方鼎新灵活配置混合C,442,10.01,减仓0.19,1.76%,0.00%
创金合信量化核心混合A,492,11.14,减仓3.63,1.72%,0.00%
申万菱信多策略灵活配置混合A,641,14.5,减仓5.00,0.90%,0.00%
东方红睿阳混合(LOF),6485,146.74,减仓36.36,7.69%,0.02%
宝盈资源优选混合,13885,314.21,减仓56.64,4.92%,0.05%
申万菱信多策略灵活配置混合C,641,14.5,减仓5.00,0.90%,0.00%
国金沪深300指数增强,405,9.16,减仓1.54,2.02%,0.00%
长盛中证100指数,1051,23.78,减仓1.38,2.66%,0.00%
融通深证成份指数A,438,9.92,减仓0.41,2.74%,0.00%
融通新蓝筹混合,8171,184.91,减仓35.00,3.26%,0.03%
富国优化增强债券C,486,11.0,减仓1.00,2.19%,0.00%
国投瑞银中证消费服务指数(LOF),235,5.32,减仓0.56,4.53%,0.00%
东方鼎新灵活配置混合A,442,10.01,减仓0.19,1.76%,0.00%
长盛同庆(LOF),193,4.37,减仓0.22,1.25%,0.00%
创金合信量化核心混合C,492,11.14,减仓3.63,1.72%,0.00%
申万菱信深证成指分级,7080,160.22,减仓22.30,2.64%,0.02%
东方红智逸沪港深定开混合,6564,148.55,减仓6.87,4.02%,0.02%
国富中证100指数增强分级,297,6.71,减仓1.77,2.87%,0.00%
国联安双禧中证100指数,524,11.87,减仓1.02,2.61%,0.00%
融通深证100指数A,47967,1085.48,减仓147.30,5.53%,0.17%
广发沪深300ETF,3704,83.81,减仓26.70,1.77%,0.01%
长安产业精选混合C,1048,23.71,减仓8.52,6.85%,0.00%
富国优化增强债券A/B,486,11.0,减仓1.00,2.19%,0.00%
长城久泰沪深300指数,1188,26.88,减仓0.75,1.71%,0.00%
工银深证100指数分级,227,5.13,减仓0.06,5.40%,0.00%
广发深证100指数分级,532,12.03,减仓0.69,5.52%,0.00%
国投瑞银沪深300指数分级,386,8.73,减仓0.71,1.59%,0.00%
长盛同辉深证100(LOF),35,0.79,减仓0.04,1.51%,0.00%
东方红领先精选混合,0,0.0,退出,0,0
东方红稳健精选混合C,0,0.0,退出,0,0
长盛同鑫行业混合,0,0.0,退出,0,0
华夏新锦祥混合C,0,0.0,退出,0,0
华夏新锦祥混合A,0,0.0,退出,0,0
安信沪深300增强A,0,0.0,退出,0,0
安信沪深300增强C,0,0.0,退出,0,0
安信量化多因子混合A,0,0.0,退出,0,0
泰康恒泰回报混合A,0,0.0,退出,0,0
东兴改革精选混合,0,0.0,退出,0,0
华夏新锦升混合A,0,0.0,退出,0,0
上投摩根安丰回报混合A,0,0.0,退出,0,0
华夏新锦升混合C,0,0.0,退出,0,0
泰达宏利新思路混合A,0,0.0,退出,0,0
泰康恒泰回报混合C,0,0.0,退出,0,0
嘉实价值增强混合,0,0.0,退出,0,0
上投摩根安泽回报混合C,0,0.0,退出,0,0
上投摩根安泽回报混合A,0,0.0,退出,0,0
上投摩根安丰回报混合C,0,0.0,退出,0,0
海富通欣益混合C,0,0.0,退出,0,0
金元顺安成长动力混合,0,0.0,退出,0,0
南方平衡混合,0,0.0,退出,0,0
汇添富安鑫智选混合C,0,0.0,退出,0,0
易方达裕如混合,0,0.0,退出,0,0
海富通欣盛定开混合,0,0.0,退出,0,0
海富通欣益混合A,0,0.0,退出,0,0
诺德价值优势混合,0,0.0,退出,0,0
汇添富新睿精选混合A,0,0.0,退出,0,0
东兴蓝海财富混合,0,0.0,退出,0,0
中欧瑾通灵活配置混合A,0,0.0,退出,0,0
中欧瑾通灵活配置混合C,0,0.0,退出,0,0
鹏华深证民营ETF联接,0,0.0,退出,0,0
东方红稳健精选混合A,0,0.0,退出,0,0
泰达宏利新思路混合B,0,0.0,退出,0,0
鑫元鑫新收益混合C,0,0.0,退出,0,0
嘉实新机遇混合发起式,0,0.0,退出,0,0
汇添富新睿精选混合C,0,0.0,退出,0,0
鑫元鑫新收益混合A,0,0.0,退出,0,0
汇添富安鑫智选混合A,0,0.0,退出,0,0
华安创新股票,0,0.0,退出,0,0
中融强国制造混合,0,0.0,退出,0,0
博时汇智回报混合,0,0.0,退出,0,0
大成一带一路灵活配置混合,0,0.0,退出,0,0
博时深证基本面200ETF联接,0,0.0,退出,0,0
中银添利债券发起,0,0.0,退出,0,0
广发小盘成长混合(LOF),0,0.0,退出,0,0
天弘安盈混合,0,0.0,退出,0,0
